0,1,2,3,4,5,6,7,8,9
"[133.24675772207738, 0.21942599532316834, 0.5, -19.263303868906966, 368, 126.45799858518117, 130.0593564629863, 230.40470702053787, 0.0, 7107.255298679724, 0.02155408, 0.018985657, 0.028037539, 0.013001222, 2.6313479e-05]","[95.16023176897792, 1.356932497043268, 0.5, -19.749097766922105, 368, 83.67210286638714, 0.0, 223.84553226259095, 0.0, 10522.689188864482, 0.2952846, 0.3485356, 0.56512576, 0.0020852417, 0.05918844]","[276.57667569732644, 13.13405791237443, 0.5, -25.745565355418137, 384, 217.53506334673267, 239.24475131700433, 277.1826309768721, 0.0, 4713.527957915165, 0.47339752, 0.48243883, 0.6111098, 0.23876126, 0.011575606]","[94.62563574991813, 5.61205699576946, 0.5, 8.762530456025743, 272, 216.59031999658112, 234.4321103582665, 266.19869962824436, 0.0, 4983.960810834119, 0.5273743, 0.5386082, 0.6273786, 0.371083, 0.005635823]","[273.237669761324, 5.761270995772213, 0.5, -43.57508989898865, 480, 123.3626449324624, 218.7328932398604, 241.30149553281768, 0.0, 13718.750848263526, 0.2790091, 0.3360589, 0.47385383, 0.043716423, 0.026979744]","[19.5108665707589, 0.8427087027348623, 0.5, -2.4247038990749274, 176, 171.96663309843487, 201.74088950502764, 205.2672581380976, 0.0, 4945.338149024122, 0.41268963, 0.4256485, 0.44830215, 0.32386416, 0.0013443783]","[236.0233181480744, 10.02090002528821, 0.5, -36.841811586541866, 464, 127.61548971196194, 179.73069985652094, 199.42369775418427, 0.0, 7642.015690626057, 0.2748075, 0.3122365, 0.4705824, 0.0034440642, 0.026936077]","[556.5971977870597, 26.909012707596766, 0.4545454545454546, -43.78416838687461, 544, 185.7549565165583, 233.08576913416516, 258.62053938239393, 0.0, 8484.693041271676, 0.40793407, 0.43679634, 0.57832694, 0.03518038, 0.020201065]","[3858.4998279331344, 116.06342094834157, 0.4827586206896552, 86.13548562913346, 1472, 140.65621484525101, 168.18039523589493, 278.7883336231536, 0.0, 10141.222656842945, 0.22278352, 0.19562638, 0.60269314, 0.0034275553, 0.026085261]","[25.29560132852763, 0.02323814313736352, 0.5, -6.292000615651805, 288, 43.16704578995398, 0.0, 178.6955271983718, 0.0, 5595.362797427352, 0.06667695, 0.02873588, 0.15088147, 0.0020899363, 0.0046286304]"
"[4225.52842634121, 83.48035006310441, 0.5, -101.72515906168996, 1520, 178.92422534169353, 212.63362906904877, 309.33502415691686, 0.0, 12490.447055533854, 0.14934139, 0.13234697, 0.27095458, 0.00608636, 0.006970728]","[398.58953812202617, 4.659500824412194, 0.4545454545454546, -50.831010530787566, 544, 125.32142876123685, 182.34570357266995, 187.14677540918822, 0.0, 7332.887470988356, 0.12253847, 0.14054497, 0.17615348, 0.019887853, 0.0026320484]","[351.68709382429455, 5.040115819874181, 0.4444444444444444, -30.050783903737937, 448, 202.24327620130245, 210.07917057671926, 323.9647527821155, 0.0, 10483.252795337623, 0.0936366, 0.10352091, 0.15944867, 0.00554892, 0.0028677562]","[1277.741490816192, 13.11856491342768, 0.4761904761904763, -55.49593440571175, 1024, 100.15664112457172, 148.5384940785009, 222.5562768664229, 0.0, 8904.66144848986, 0.06887139, 0.05839644, 0.14381914, 0.0049513187, 0.0017297766]","[149.13800488694275, 0.9577549501526206, 0.5, -13.269356114595269, 384, 121.99745856345845, 128.2209199872421, 153.77669275969214, 0.0, 1341.1983314135914, 0.053481407, 0.056507178, 0.06735635, 0.025384152, 0.00014079077]","[60.357357459832066, 0.3488759068132523, 0.4615384615384615, 11.586161023209419, 640, 12.68195250466761, 0.0, 68.10519982075922, 0.0, 675.7181709516624, 0.04246888, 0.037975356, 0.07702041, 0.0054601333, 0.0005302093]",,,,
"[41.762256184594236, 0.17738312513065127, 0.5, -4.81095956212463, 288, 73.79798180250044, 119.27291432270053, 145.14587018501837, 0.0, 3930.36532941989, 0.03783743, 0.04089286, 0.04717871, 0.015115461, 9.184155e-05]","[587.15557249207, 17.718349587099926, 0.5, -44.599598626595224, 671, 111.78081651136439, 150.26442824298348, 174.61411571650194, 0.0, 5343.685348809637, 0.18183073, 0.17663048, 0.33559266, 0.026441371, 0.010936273]","[782.5187289099824, 18.59729024978574, 0.47058823529411764, -60.81151836729665, 864, 82.1642121724489, 121.00020910221048, 162.92073075152206, 0.0, 4829.977856951413, 0.14834172, 0.13823009, 0.3448894, 0.005344849, 0.014869966]","[1522.3486598224274, 11.483970223616248, 0.5, 58.78230809137198, 1327, 78.68329939264206, 136.21267196370565, 152.01041679645533, 0.0, 4921.851407542862, 0.083722666, 0.07121802, 0.25117588, 0.0037481512, 0.005428863]","[2233.2121413146333, 25.261658178347346, 0.48387096774193544, -59.10246652139389, 1551, 83.44548356914883, 117.89508087899223, 163.86452094349724, 0.0, 3797.8338850318232, 0.09582616, 0.091622695, 0.17481537, 0.0012539494, 0.0021658503]","[973.5060824768119, 13.877560028587324, 0.47368421052631576, -35.59360503731065, 928, 108.81526615865464, 128.565497341737, 143.47872767421205, 0.0, 2304.757543369057, 0.07851029, 0.07785279, 0.16765589, 0.000826969, 0.0038927337]","[263.1093437780555, 1.1234054135090519, 0.4545454545454546, -22.745608097972827, 544, 85.06527422406499, 123.11525550167778, 130.0593564629863, 0.0, 3385.187767155161, 0.040417127, 0.044781234, 0.057066455, 0.0100713745, 0.00021821221]","[321.77191980245453, 5.667094624941434, 0.4545454545454546, 25.58649463911688, 544, 107.34780985474676, 131.95166368007364, 168.66611791365605, 0.0, 3621.5065360666963, 0.10863704, 0.10673858, 0.20659463, 0.0063069947, 0.0051193247]","[667.4691825612749, 9.230685117261292, 0.5, 39.6020475238042, 816, 103.27254848103713, 127.08879665595003, 167.6946725581338, 0.0, 3193.7126039551868, 0.09161827, 0.10525757, 0.16744816, 0.0015850667, 0.0035200394]","[76.41281277331997, 0.6060200411608412, 0.42857142857142855, 12.118914366460885, 351, 83.60242679988919, 117.21605517913326, 118.57804013471404, 0.0, 2800.622484205225, 0.08724832, 0.09703412, 0.11806174, 0.025580853, 0.0007378642]"
"[157.9292227572159, 1.4177240196885739, 0.4444444444444444, -14.864411751669508, 416, 105.0164297452237, 145.9866916572425, 186.06888929891866, 0.0, 6169.169406649158, 0.056294363, 0.06689751, 0.09369752, 0.009039388, 0.0011636277]","[2.6173634421431435, 0.009516106754676972, 0.5, 0.5642237812506323, 96, 137.43745310428062, 181.30151850396715, 187.14677540918822, 0.0, 6303.2794122567, 0.036357604, 0.036357604, 0.036357608, 0.036357604, 1.7347235e-18]","[4696.964200829336, 31.210465561518134, 0.48717948717948717, -40.31464972251109, 1968, 110.17495682778616, 140.20166900511882, 186.06888929891866, 0.0, 4467.7280015135075, 0.049448337, 0.04835776, 0.11937245, 0.007866767, 0.0009042458]","[1436.8672001637462, 16.057982626292056, 0.47368421052631576, -41.2984670162312, 944, 162.76339471207177, 163.86452094349724, 234.4321103582665, 0.0, 1093.324510925307, 0.099307016, 0.1075039, 0.12528221, 0.054597136, 0.00037549165]","[441.60146180632637, 3.705591893358714, 0.5, 36.55464469047486, 672, 102.99313918103763, 132.33275396903284, 142.65235101161107, 0.0, 3118.790276380282, 0.058620337, 0.059219573, 0.1017308, 0.0069054696, 0.0008326806]",,,,,
"[9.310998842174678, 0.0976153596947248, 0.3333333333333333, 1.5989197095845427, 128, 132.5460393477783, 159.2102395609486, 161.98237639105778, 0.0, 3524.01506359556, 0.10429993, 0.10486347, 0.10486347, 0.10145267, 1.0875459e-06]","[679.9071298249149, 7.637950022101097, 0.5, -68.66369801016683, 672, 127.98767123607375, 173.60841241450115, 198.27510177438265, 0.0, 6982.676745407544, 0.083472855, 0.087169014, 0.14415444, 0.0036518062, 0.0017148051]","[611.584714696486, 6.461498561616562, 0.4666666666666667, -34.636957342478595, 736, 105.53493985832893, 161.0494265540188, 202.9095625889066, 0.0, 6923.090931882558, 0.07172336, 0.07147986, 0.13332696, 0.015361913, 0.0013192599]","[151.99523266461478, 1.310163299468304, 0.5, -23.570082572364683, 384, 113.79643678367731, 156.46466200170096, 195.99771799087463, 0.0, 6037.38208040746, 0.10532748, 0.12615456, 0.17689128, 0.0043065217, 0.0038659228]","[574.3615492025881, 4.996841091633763, 0.5, -43.109486847415496, 671, 126.7536066577828, 144.30989148811935, 197.13312122062953, 0.0, 5062.375540258525, 0.06878145, 0.069458574, 0.13217261, 0.011427274, 0.0017525615]","[342.99252279767717, 3.0338160276306536, 0.5, -33.79453737360032, 496, 139.49959649584576, 170.33895179471477, 237.15608026942812, 0.0, 9297.011093146972, 0.07772335, 0.087555535, 0.106802896, 0.006019772, 0.000769912]","[969.9464445934218, 12.02330180305029, 0.47058823529411764, -35.90673420818621, 863, 127.85038814702712, 141.42229146981694, 171.61434972294217, 0.0, 1708.1281310717834, 0.09855468, 0.11368793, 0.14584647, 0.0379703, 0.001316829]","[0.0, 0.0, 0.5, nan, 768, 0.0, 0.0, 0.0, 0.0, 0.0, 0.013693504, 0.012624759, 0.028085917, 0.0017042671, 7.033638e-05]",,
"[0.0, 0.0, 0.5, nan, 304, 0.0, 0.0, 0.0, 0.0, 0.0, 0.061508, 0.080824465, 0.10571701, 0.0020022956, 0.0019853914]","[47.018197277498004, 0.5655927891773904, 0.5, 4.7648191324386815, 272, 106.70619383697804, 115.86971395503193, 129.31026969119696, 0.0, 1215.0584373113504, 0.11292576, 0.12873045, 0.13760264, 0.040461466, 0.0009247914]","[107.3778207063922, 1.538369334452534, 0.4545454545454546, 26.450663193141306, 512, 55.766703570111346, 0.0, 141.8307339283537, 0.0, 4206.033240083225, 0.10209127, 0.07441738, 0.16894487, 0.03781629, 0.0021257342]","[0.0, 0.0, 0.4, nan, 240, 0.0, 0.0, 0.0, 0.0, 0.0, 0.12939835, 0.14397354, 0.14897099, 0.048894167, 0.0007651817]","[230.73271150652707, 4.184773135793465, 0.4666666666666667, -26.3279131330907, 736, 44.07153056296475, 0.0, 136.21039964151845, 0.0, 3730.1970246499086, 0.08003931, 0.023354895, 0.22661723, 0.0038263474, 0.0078622345]","[469.82568649617446, 10.586942998047533, 0.5, 40.18328872002546, 576, 133.94942859913968, 168.66611791365605, 233.08188075904494, 0.0, 8475.017173983057, 0.117731325, 0.08596753, 0.24740683, 0.002758143, 0.008315041]","[30.74668120747522, 0.28132894170802125, 0.5, -5.532458159492272, 256, 67.45724182812222, 105.64102395561046, 107.48759652776704, 0.0, 2602.1222056970673, 0.09622457, 0.10850241, 0.12776046, 0.022865381, 0.0011459598]","[1974.6513409243187, 11.728832796604339, 0.4827586206896552, -53.17411632482494, 1472, 76.64878651208971, 102.93090435143726, 204.08500572708806, 0.0, 4679.800509544342, 0.10156258, 0.09210025, 0.28270236, 0.0031151988, 0.0056676515]","[93.9932170698208, 0.8052996764135146, 0.4444444444444444, -16.367037644978844, 415, 57.818344192186636, 97.43442710125966, 120.65074776640884, 0.0, 3002.2353831349105, 0.08786883, 0.10159163, 0.15025693, 0.0029162257, 0.0030923325]","[254.6563000687516, 7.87282666620798, 0.4615384615384615, 23.40966972918455, 640, 53.83206914127014, 0.0, 138.591315488436, 0.0, 4027.110352305223, 0.20775053, 0.18071562, 0.40707266, 0.0039358796, 0.018548716]"
"[235.8560088648308, 3.3555894714625913, 0.4444444444444444, -33.83338840267088, 432, 151.36870051312326, 191.5211239251473, 210.06515286029162, 0.0, 7109.598008792641, 0.109499305, 0.103127934, 0.1493521, 0.05992718, 0.0008439972]","[63.440455127332974, 0.46614580908358594, 0.5, -12.173160842905702, 304, 107.0457176320894, 160.18863515873767, 204.08500572708806, 0.0, 8347.377695034722, 0.068839185, 0.08051556, 0.09166, 0.018053576, 0.0006361856]","[8.17369832526995, 0.05587187289978602, 0.3333333333333333, 1.0144033962484258, 144, 116.37945742430175, 137.40085756497723, 146.8323839587038, 0.0, 2732.1347617342963, 0.06672377, 0.06834607, 0.0691948, 0.057897646, 1.1336725e-05]","[1410.3076308658024, 14.767619827082868, 0.4761904761904763, 54.62876773783198, 1024, 121.54748692525959, 129.31026969119696, 312.9293240034019, 0.0, 7909.877095995848, 0.10927989, 0.089469, 0.24985181, 0.015897295, 0.0053656064]","[54.78608359972801, 0.42841147435254234, 0.42857142857142855, 10.60747768083267, 351, 58.72422663365894, 0.0, 141.8307339283537, 0.0, 4600.862574053688, 0.092279315, 0.10748951, 0.13899201, 0.019637538, 0.0016713815]","[501.80162071583914, 5.157033998574525, 0.5, -31.81056781068945, 592, 144.9407917585232, 151.57265900842256, 161.98237639105778, 0.0, 966.5232802278069, 0.10474146, 0.10661759, 0.13885869, 0.04452611, 0.00053244666]","[146.85701202560557, 2.7706399555655485, 0.4444444444444444, 12.659724377570619, 416, 99.93836719556191, 126.35681904967385, 140.20166900511882, 0.0, 3106.250705078023, 0.13583627, 0.1420805, 0.20302835, 0.042019308, 0.0027576392]","[1565.3420237987718, 17.307222021017505, 0.47368421052631576, -64.6028066154738, 928, 153.726181542024, 138.591315488436, 272.42079928303684, 0.0, 8398.668572099341, 0.12070171, 0.069225684, 0.29821137, 0.016772378, 0.008487519]",,
"[121.7778077067751, 0.12113002418976307, 0.5, 26.305047884707832, 384, 89.99069228379312, 0.0, 291.973383314485, 0.0, 17819.28352475894, 0.026446845, 0.024451226, 0.053005688, 0.0012203933, 0.00047547807]","[1628.34379447563, 14.38012779236804, 0.4666666666666667, 76.8167155473893, 720, 299.36446910592656, 293.6647679174075, 361.5437384177477, 0.0, 4071.6597718883386, 0.08201139, 0.08467399, 0.11503183, 0.039525058, 0.00052076805]","[880.9101706933164, 6.910657991612402, 0.4761904761904763, -135.07484970041878, 1056, 126.79329539667708, 0.0, 325.8414615030441, 0.0, 21553.118086476257, 0.03208116, 0.009349155, 0.09726089, 0.0034440013, 0.0010712392]","[1028.827830811746, 8.79863167210612, 0.4666666666666667, -61.69657800570998, 720, 175.5679359651209, 237.15608026942812, 320.24370022528115, 0.0, 14474.591126383559, 0.061129365, 0.06825952, 0.0999482, 0.005216053, 0.00087872223]","[1387.6225561377728, 12.665752003131892, 0.4666666666666667, 66.61333140000914, 720, 267.00020806080516, 290.29174037003673, 295.3659506116579, 0.0, 5347.69202327435, 0.08543741, 0.09769406, 0.14324628, 0.014607401, 0.0014415337]","[1311.9789621304676, 17.452783851046043, 0.4666666666666667, 61.87544582791807, 720, 245.453819378328, 255.6500291307247, 267.74077300753, 0.0, 2246.6536381497713, 0.10771532, 0.118703544, 0.1710552, 0.017876234, 0.0025663893]","[201.69073158618085, 1.12083419494934, 0.42857142857142855, 18.289928495507468, 336, 234.03850601439407, 247.65690984270546, 272.42079928303684, 0.0, 4320.824683610482, 0.046653986, 0.0502737, 0.05851445, 0.025709776, 0.00010414477]","[70.21871480459139, 0.23406402389521286, 0.4, -7.626941927085596, 240, 210.73140326870634, 235.85310127667776, 249.810974395593, 0.0, 5126.764276870364, 0.03444988, 0.03914804, 0.043144535, 0.012828013, 9.383886e-05]","[1894.8867486066733, 4.693264481125214, 0.5, -52.63637598092191, 912, 215.19427383056623, 230.40470702053787, 291.973383314485, 0.0, 6266.565915341334, 0.037565187, 0.034834016, 0.06536742, 0.0034963621, 0.0003472953]","[971.6661806988939, 4.682185868726664, 0.4615384615384615, 64.5476004409388, 640, 217.71478254095615, 257.13099468347406, 277.1826309768721, 0.0, 8691.271748340656, 0.035745233, 0.03708387, 0.058715995, 0.0063553103, 0.0003005124]"
"[3718.5499614665086, 27.383598226121677, 0.5, -90.21937173130439, 1311, 165.53190756388312, 233.8037925119847, 359.46139971304194, 0.0, 14790.792798440922, 0.08017296, 0.07190979, 0.13981022, 0.0068142465, 0.0014706273]","[61.83688159873193, 0.2987166242391966, 0.5, -11.763865279453121, 288, 104.47427787054913, 163.4253362143922, 191.5211239251473, 0.0, 7879.240567940565, 0.052988674, 0.062658675, 0.075893834, 0.00915555, 0.00052546227]","[952.1154627484108, 9.99092486284586, 0.5, 68.86294017274459, 816, 151.28066244536575, 195.43328609669697, 254.17759331190004, 0.0, 9281.12439951635, 0.060594533, 0.06249044, 0.12141888, 0.0039576646, 0.0018922616]","[113.75747187082852, 1.1143773637696905, 0.5, 18.709714776662594, 384, 83.68122659403556, 80.99118819552889, 171.61434972294217, 0.0, 7007.661913966341, 0.08328745, 0.09988714, 0.13539347, 0.0022220605, 0.0025604751]","[67.27896480800011, 0.9533906230352096, 0.5, -7.53662928562197, 256, 153.60697573632925, 188.23090565017247, 200.5789474828077, 0.0, 5347.685654632391, 0.122371994, 0.13839787, 0.14539656, 0.045030918, 0.0008539476]","[929.7427787422866, 14.529833360594477, 0.5, -68.84763737810988, 768, 131.8377729165321, 191.5211239251473, 257.13099468347406, 0.0, 12932.470974271317, 0.09822218, 0.09728811, 0.1889756, 0.010494986, 0.0030383249]","[1173.1247755098975, 10.480881230571686, 0.48, 61.06925251662166, 1231, 84.65730906111432, 117.21605517913326, 189.3213161937526, 0.0, 6598.349769522851, 0.045321636, 0.025082162, 0.11237971, 0.002478128, 0.001602998]",,,
"[278.9967341386726, 4.82003963520501, 0.5, -26.180951239344452, 671, 48.781906268154806, 0.0, 160.1218501126406, 0.0, 4213.17693610779, 0.10538115, 0.0972293, 0.22712757, 0.006041096, 0.0061954637]","[42.92936085793339, 0.32717926744130954, 0.5, 7.710230092319335, 304, 72.53914458184254, 119.62237565850216, 130.8127826502993, 0.0, 3767.830773499841, 0.061825752, 0.07384271, 0.08135648, 0.008560589, 0.0005887729]","[41.26178801395882, 0.5310129570573414, 0.5, -7.4382132744824645, 272, 91.44263601884501, 121.3496704380121, 136.21039964151845, 0.0, 3171.2493413302886, 0.11325364, 0.11595091, 0.13938932, 0.07187337, 0.0003874164]","[686.671591242549, 7.7842011419629475, 0.5, -40.96549879211044, 672, 144.4604201132264, 153.77669275969214, 187.14677540918822, 0.0, 1558.4307383657692, 0.105636016, 0.11374031, 0.14093128, 0.03341647, 0.00075294357]","[162.77792763460167, 0.6848994493098742, 0.5, -24.12510857536023, 480, 74.81650235553468, 110.63722351746387, 138.591315488436, 0.0, 3327.0629355520555, 0.044827394, 0.048012152, 0.06426851, 0.019498643, 0.00025045368]","[409.0094554838636, 3.614557660992021, 0.5, -31.151936340554556, 688, 93.80118042239984, 113.87914162255151, 153.77669275969214, 0.0, 2670.121406916072, 0.05473711, 0.057977565, 0.09761336, 0.0020523053, 0.0010726189]","[87.1526075546961, 0.6403012218021443, 0.4444444444444444, 8.681578523771833, 415, 55.2334699451105, 0.0, 122.75968568932456, 0.0, 3439.693982351753, 0.054079838, 0.062310364, 0.08979128, 0.0017161248, 0.0010196071]","[24.13983427524737, 0.2552889825232866, 0.4, -5.001068835619954, 208, 97.10995072650103, 141.8307339283537, 154.66751207845843, 0.0, 4734.715971856423, 0.10012082, 0.106057584, 0.111878805, 0.07058915, 0.0001615983]","[73.47254795437556, 0.8370640528564564, 0.5, -6.9408903363306536, 304, 130.93259438080034, 146.0256599163082, 152.01041679645533, 0.0, 1643.6394553563332, 0.0839928, 0.10051231, 0.11750163, 0.023737026, 0.001141744]","[524.3611271077197, 6.398987372676194, 0.4615384615384615, 34.07490529729516, 656, 125.00320942036366, 126.03497769026076, 170.6259238017108, 0.0, 1254.056858843866, 0.10227405, 0.11042631, 0.13293712, 0.043027256, 0.000671482]"
"[0.0, 0.0, 0.4, nan, 224, 0.0, 0.0, 0.0, 0.0, 0.0, 0.013562948, 0.014778845, 0.015057871, 0.0055137044, 6.5516456e-06]","[0.0, 0.0, 0.5, nan, 96, 0.0, 0.0, 0.0, 0.0, 0.0, 0.015445675, 0.015445675, 0.015445675, 0.015445675, 0.0]","[178.12490151065123, 0.21097898061945636, 0.5, 22.64598223451113, 608, 43.439052194173975, 39.342763141969606, 96.31529725464738, 0.0, 1897.0906317659728, 0.010744967, 0.011124726, 0.015508956, 0.0030744402, 1.0203494e-05]","[322.88127825309414, 0.37570868115503997, 0.4615384615384615, 34.9515215078998, 656, 69.05323839489124, 77.11105120953764, 188.23090565017247, 0.0, 5333.432850982742, 0.011149962, 0.012269463, 0.01639354, 0.0032128345, 1.6784932e-05]","[72.71317198963047, 0.46363384667916535, 0.42857142857142855, 8.449490373545352, 336, 79.76336319080202, 104.78252356721545, 131.5705733911144, 0.0, 2655.8734502000007, 0.054248065, 0.059161454, 0.074463025, 0.015993489, 0.00032948778]","[142.18444056082177, 0.5822040084255109, 0.5, 11.109675965381811, 464, 74.1992601583105, 95.76056196257365, 117.21605517913326, 0.0, 2014.9049293931653, 0.03193746, 0.02448902, 0.051108573, 0.013586112, 0.00016634965]","[21.774402757236793, 0.034664356262734314, 0.5, -3.404134420999547, 192, 126.9261439825225, 143.63872232600013, 182.87233715141332, 0.0, 2890.1631964754756, 0.015293075, 0.017500933, 0.018761966, 0.0067959195, 1.8373044e-05]","[0.0, 0.0, 0.5, nan, 576, 0.0, 0.0, 0.0, 0.0, 0.0, 0.013752494, 0.0069892155, 0.030352116, 0.0015953827, 0.0001379105]",,
"[0.0, 0.0, 0.5, nan, 96, 0.0, 0.0, 0.0, 0.0, 0.0, 0.021997873, 0.021997873, 0.021997873, 0.021997873, 0.0]","[861.3034419400672, 12.634193907316416, 0.47368421052631576, 28.767519799052323, 943, 87.07757118520641, 117.21605517913326, 139.3941668115768, 0.0, 2829.16964839413, 0.21012385, 0.21582046, 0.36225355, 0.030577527, 0.0094116265]","[6.734263706266292, 0.08851157416608328, 0.5, -1.7907400411020227, 176, 58.42758009174053, 0.0, 144.30989148811935, 0.0, 4566.019208722483, 0.1274142, 0.14599794, 0.14756188, 0.04901523, 0.001016045]","[254.8482567633586, 9.445165437934705, 0.5, 34.807062997756496, 464, 122.13276185772918, 167.6946725581338, 254.17759331190004, 0.0, 11587.808510689114, 0.20885018, 0.20905076, 0.38876775, 0.015915228, 0.022429436]","[50.600207958591405, 0.8782914471081191, 0.4545454545454546, -12.275119355620472, 560, 16.805355218844728, 0.0, 124.9054871977965, 0.0, 1788.8604252472733, 0.19075014, 0.18333772, 0.34024915, 0.010468836, 0.011351334]","[162.66648275994172, 4.102199759307533, 0.4444444444444444, -13.348131863764593, 448, 98.85796719092387, 118.23656050685314, 126.35681904967385, 0.0, 1973.4000224001345, 0.24598405, 0.24544442, 0.31408778, 0.16847095, 0.0021061176]","[1521.898930673101, 27.77022774234753, 0.47826086956521735, -76.67237112536746, 1151, 82.50180538282135, 116.54094037952247, 210.06515286029162, 0.0, 7122.795013529717, 0.115958825, 0.11504093, 0.24091715, 0.009245814, 0.004522504]","[252.07295349737097, 5.035945473193398, 0.4545454545454546, -19.154265634466114, 528, 99.57206767883368, 103.82617439498627, 179.73069985652094, 0.0, 2084.7498238950166, 0.15991819, 0.16639087, 0.2780505, 0.025274165, 0.007432455]","[364.30763495063314, 3.391681269938904, 0.47058823529411764, -35.10467487181459, 864, 46.97267694346611, 0.0, 123.47082531403102, 0.0, 3161.788231894077, 0.053778205, 0.02933107, 0.11112217, 0.008212841, 0.001450438]",
"[55.268301027937184, 0.23138074474567363, 0.42857142857142855, -11.064089782071093, 336, 68.55543087882243, 62.093042264337214, 140.20166900511882, 0.0, 4714.356158027774, 0.028380629, 0.035615787, 0.044103883, 0.006019013, 0.00023442622]","[0.0, 0.0, 0.5, nan, 496, 0.0, 0.0, 0.0, 0.0, 0.0, 0.016863648, 0.014051333, 0.026297035, 0.0042309673, 4.7370067e-05]","[1548.3834756697113, 4.8989228873899995, 0.5, -67.09250896680405, 1280, 66.88550004226929, 0.0, 187.14677540918822, 0.0, 6963.50277690268, 0.019953871, 0.021968946, 0.03838353, 0.0022218828, 0.00015483622]","[286.4068536390231, 0.3295508801681078, 0.4545454545454546, -20.441515303760866, 560, 106.83609398140688, 131.95606623221073, 192.63059450929475, 0.0, 3584.3387705879436, 0.016540563, 0.012592871, 0.03089196, 0.0041633025, 8.13983e-05]","[199.47031528023507, 0.15676721827718193, 0.5, 34.1212818164596, 608, 49.130111652673584, 0.0, 188.23090565017247, 0.0, 5882.468713421943, 0.016864495, 0.011060204, 0.037350167, 0.0053891204, 0.00012363569]","[1281.2573208550348, 5.383631477236589, 0.4761904761904763, -33.25169952170036, 1024, 108.64435037415596, 149.39896882100533, 170.6259238017108, 0.0, 4913.233220701092, 0.049206562, 0.05614281, 0.084258124, 0.0036431472, 0.0007558198]","[324.52160383477195, 0.37228338376738546, 0.5, -42.010064534370436, 815, 57.11598482908495, 0.0, 141.01384901128017, 0.0, 3867.1577223458853, 0.0075409887, 0.008534094, 0.0137500055, 0.0014309174, 1.7248585e-05]","[0.0, 0.0, 0.5, nan, 672, 0.0, 0.0, 0.0, 0.0, 0.0, 0.0070793475, 0.0057473234, 0.015273144, 0.0001938412, 2.911273e-05]","[97.60871906777341, 0.2055836814044314, 0.42857142857142855, -9.916774802092618, 352, 108.83236006473422, 132.7160518915775, 164.81377845643493, 0.0, 3297.74501887727, 0.020998104, 0.022029951, 0.026283402, 0.008754874, 2.289874e-05]",
"[87.44105111836429, 0.688285025919772, 0.42857142857142855, 13.933463846801011, 320, 119.18676266798721, 147.682975305829, 170.6259238017108, 0.0, 4368.39744951427, 0.06681141, 0.07273458, 0.08614275, 0.033278994, 0.00029967053]","[527.5254139262762, 1.7038056498055363, 0.5, 38.10583847333916, 992, 37.694986008982056, 0.0, 115.20235351026894, 0.0, 2846.2626123495625, 0.049330704, 0.04277707, 0.11733166, 0.0032691313, 0.0012846763]","[479.99901267976884, 2.215812744829313, 0.5, -41.85025488440468, 783, 71.59091302065266, 0.0, 160.1218501126406, 0.0, 5498.116343840652, 0.032238618, 0.040659998, 0.06275951, 0.0009940354, 0.0005621602]","[0.0, 0.0, 0.42857142857142855, nan, 352, 0.0, 0.0, 0.0, 0.0, 0.0, 0.049704067, 0.052351914, 0.066750914, 0.02173145, 0.00019943934]","[1164.2965848386273, 8.954137898306373, 0.4761904761904763, -51.88019100977392, 1040, 88.41225144001552, 102.6336290690488, 154.66751207845843, 0.0, 3522.3966866589794, 0.06763589, 0.03184019, 0.16905843, 0.0072204242, 0.0031543178]",,,,,
"[25.877447088259423, 0.09785403074799884, 0.4, 4.730600081871991, 240, 75.36850979031823, 119.96385528636307, 133.87038650376502, 0.0, 3803.017844778461, 0.03779409, 0.042450916, 0.046420034, 0.014643181, 9.821893e-05]","[171.97634473778163, 1.0727737156546169, 0.5, 37.98974153788828, 368, 152.43879265141328, 0.0, 485.3986817520484, 0.0, 46543.61071385324, 0.07415356, 0.09666908, 0.11989618, 0.006422544, 0.0020609954]","[56.26859944221069, 0.4883793318367512, 0.5, 5.815692208583858, 399, 42.83138641656629, 0.0, 141.01384901128017, 0.0, 4041.1366152691135, 0.055939034, 0.06532811, 0.091523096, 0.007900358, 0.0011089472]","[14.438713016310995, 0.06264342527845274, 0.5, -1.7286130312869474, 160, 127.43719105422643, 145.9866916572425, 170.6259238017108, 0.0, 2852.791238869925, 0.04048254, 0.04287509, 0.04358102, 0.026929572, 2.6449208e-05]","[1.7601153794010602, 0.006579431873436377, 0.5, -0.3691414093324106, 96, 92.4314957374599, 122.41024787602156, 124.9054871977965, 0.0, 2849.460583551185, 0.037380684, 0.037380684, 0.037380684, 0.037380684, 0.0]","[641.9078436205319, 2.7096383216094244, 0.5, 25.45383946761349, 799, 93.5640884563406, 105.64278630593941, 152.89100418265707, 0.0, 2769.0002820856635, 0.061672788, 0.05994592, 0.11567272, 0.011304273, 0.0013662047]","[140.80729322162347, 1.0831941678320751, 0.5, -24.32964956556873, 687, 34.31389788386407, 0.0, 125.62905732418486, 0.0, 2830.328527450488, 0.034392312, 0.0102967825, 0.088757984, 0.0022432138, 0.0011850043]","[489.0353631342528, 4.692357693344348, 0.4666666666666667, 31.10220457524015, 752, 74.35458930008299, 101.7520369107813, 127.08879665595003, 0.0, 2434.8509030182804, 0.062158957, 0.06356635, 0.1177479, 0.0056868163, 0.0012150934]","[439.9790811641266, 3.0115456066679327, 0.5, 31.150999310298836, 672, 88.94464768524568, 112.57112811964524, 179.73069985652094, 0.0, 3714.3151425753367, 0.037887957, 0.0346971, 0.08453038, 0.0033086597, 0.00084082683]",
"[704.3237444536536, 1.2118182745818067, 0.5, -34.033670772756324, 687, 159.06448517903186, 183.93170582347207, 270.8517709358815, 0.0, 6303.859701521782, 0.030273506, 0.02535484, 0.054592285, 0.006941663, 0.00020190954]","[678.5838306263324, 2.676789865656291, 0.5, -43.278807848533745, 592, 195.8884150569147, 205.2672581380976, 227.75828324510303, 0.0, 1792.9735312263817, 0.02598999, 0.026467882, 0.047797706, 0.0034647118, 0.00024056781]","[223.09806276757945, 0.9107730272395602, 0.4444444444444444, -34.57223682931455, 432, 140.91565414504728, 186.06888929891866, 218.7328932398604, 0.0, 8437.69255219523, 0.051152416, 0.058526427, 0.08395985, 0.007035466, 0.0007393525]","[2011.242255169648, 12.628524916384759, 0.47826086956521735, 69.82130652580707, 1168, 155.4047499460218, 187.14677540918822, 222.5562768664229, 0.0, 5981.970507235506, 0.034556188, 0.031703517, 0.083654635, 0.001990296, 0.0007147329]",,,,,,
"[10.60969500131241, 0.026768004019822465, 0.5, -2.6226022969871927, 192, 60.85159322765106, 60.32537388320442, 122.75968568932456, 0.0, 3703.225262159367, 0.02530543, 0.028821327, 0.029600643, 0.011837379, 3.2686465e-05]","[26.54998817199812, 0.11585664698971784, 0.4, -3.2766268595909693, 224, 109.01696657832241, 122.05264192746294, 129.31026969119696, 0.0, 1517.779477861545, 0.039935693, 0.041734055, 0.045387074, 0.028460871, 2.4534493e-05]","[211.4795227940721, 1.104838316312647, 0.5, 21.946643515589734, 607, 60.09078986042419, 0.0, 141.01384901128017, 0.0, 4286.035556565478, 0.034135476, 0.039668895, 0.060056508, 0.004894521, 0.00035718456]","[26.908120687162956, 0.10475301254236408, 0.4, -3.213023158771449, 224, 110.85011114943589, 122.75968568932456, 135.4258854679408, 0.0, 1591.4684912737443, 0.03511043, 0.036630668, 0.041201632, 0.022007229, 3.235331e-05]","[49.453404462652, 0.2704926947103933, 0.5, 5.345989775985473, 272, 112.41148441016743, 126.35681904967385, 129.31026969119696, 0.0, 1302.7444101287567, 0.048060652, 0.05181568, 0.057656273, 0.02586703, 9.823654e-05]","[152.5307278585795, 0.8750158913681729, 0.5, 14.016272349815594, 368, 144.9775232310053, 155.56349186104043, 167.6946725581338, 0.0, 1634.6196394567232, 0.049572874, 0.051104814, 0.06349084, 0.024712292, 0.00012487122]","[299.75798123968025, 0.8390906610618819, 0.4545454545454546, 20.208612296318222, 560, 111.02372536232518, 128.1952559535497, 141.8307339283537, 0.0, 2002.152632951871, 0.034994777, 0.038112085, 0.049093712, 0.009015562, 0.000108209155]","[114.48777222855936, 0.37998399953332695, 0.5, 10.382249499788514, 368, 109.63371596777112, 117.89508087899223, 118.57804013471404, 0.0, 859.9708059054226, 0.032205936, 0.033935916, 0.036170274, 0.023027409, 1.39981885e-05]","[1324.7052035102115, 5.040559743321893, 0.5, -32.87568105384291, 1088, 106.5306989788102, 111.27813843321147, 130.8127826502993, 0.0, 691.9604546076752, 0.028182872, 0.027690254, 0.04444811, 0.006001588, 0.00011305469]","[791.6001591572701, 2.723868154357217, 0.5, 37.12342068575733, 1088, 64.58536524718683, 84.33305895682803, 136.99945845947047, 0.0, 2444.0308943636574, 0.022634005, 0.021289982, 0.042716373, 0.0060954983, 0.0001220792]"
"[163.260490315484, 0.8375920718778628, 0.5, 14.90071233138491, 368, 152.86277782349637, 191.5211239251473, 214.97519305553408, 0.0, 6105.200639419638, 0.04046321, 0.046022877, 0.05940467, 0.007396183, 0.00031856107]","[0.0, 0.0, 0.5, nan, 96, 0.0, 0.0, 0.0, 0.0, 0.0, 0.0012005438, 0.0012005438, 0.0012005438, 0.0012005438, 0.0]","[374.0700661384861, 2.2738593116134704, 0.5, -32.15055162723111, 463, 185.3558884078411, 201.74088950502764, 237.15608026942812, 0.0, 4477.59907649164, 0.05173153, 0.055372175, 0.07951635, 0.010449436, 0.00044689002]","[13.199625854358068, 0.0738477273288122, 0.3333333333333333, -2.230148139303438, 144, 187.94213915480194, 223.86046954824798, 235.7901617579845, 0.0, 7112.292464995945, 0.054439228, 0.055859946, 0.056322504, 0.04949477, 6.2582626e-06]","[358.337516393162, 1.9684953544200283, 0.5, 27.89168907339517, 464, 185.7843813905851, 200.5789474828077, 205.2672581380976, 0.0, 2022.7241142310347, 0.041303173, 0.044480704, 0.06171699, 0.0059262393, 0.00028122598]","[158.34495025932128, 0.7595904426310993, 0.5, 24.070633114634376, 368, 143.0837851540998, 192.63059450929475, 199.42369775418427, 0.0, 7456.295297391203, 0.047862116, 0.05194791, 0.06396894, 0.012266277, 0.00020767948]","[72.95802761474351, 0.3123155970349053, 0.5, -7.6791195230596685, 256, 166.69587977411246, 184.9972113558172, 194.86885420251932, 0.0, 2869.2817553900295, 0.035725605, 0.037720762, 0.044954266, 0.01927798, 5.5832617e-05]","[336.3511837189569, 1.5710741947014353, 0.5, -27.183229570548363, 464, 168.32671456639392, 180.77186920887382, 208.8552666091142, 0.0, 3473.5978648434484, 0.041938838, 0.04448602, 0.053548988, 0.016895171, 0.00010685478]","[39.92437273656762, 0.19382344874219826, 0.4, -4.752941930419311, 208, 164.46398833165003, 182.87233715141332, 201.74088950502764, 0.0, 3519.327818193139, 0.044654574, 0.04574588, 0.05021072, 0.03415197, 2.4457699e-05]","[1558.3692407053713, 5.758636212750986, 0.47368421052631576, -75.17212130665612, 960, 138.99501062470236, 188.77611092196253, 242.6993408760242, 0.0, 9251.860240602467, 0.024773411, 0.028428186, 0.044061072, 0.0012115622, 0.00024239643]"
"[19.287619538462714, 0.059281189330805215, 0.4, -4.629707543620917, 240, 56.02275971744975, 0.0, 144.30989148811935, 0.0, 4714.2444812041595, 0.028462501, 0.029296188, 0.033378456, 0.019182978, 1.6130645e-05]","[111.09160187883063, 1.0894250866385584, 0.4444444444444444, 24.33923121281525, 448, 75.4203127903948, 0.0, 199.42369775418427, 0.0, 7295.809902101532, 0.05694682, 0.0593772, 0.103697404, 0.003758904, 0.0015456382]","[1242.8002530894837, 19.751219339623585, 0.47058823529411764, -60.4249791277031, 864, 147.80664818863448, 179.73069985652094, 214.97519305553408, 0.0, 5779.114724289488, 0.14390774, 0.09432247, 0.32286823, 0.0075807706, 0.010211557]","[294.03809735572105, 5.840147598679059, 0.5, 24.2238902102185, 464, 147.9857760901997, 162.92073075152206, 174.61411571650194, 0.0, 2599.5524834520284, 0.18568413, 0.18665898, 0.22826649, 0.13878253, 0.0006475695]","[47.416279186564466, 0.2696380448490826, 0.5, -9.005495942103394, 288, 79.7615856524989, 72.15494574405967, 163.86452094349724, 0.0, 6387.865942849258, 0.052244876, 0.059555635, 0.06651311, 0.014599859, 0.0002798608]","[21.744915337061176, 0.13547057053118813, 0.5, -3.8128404912720697, 192, 126.95924429648007, 148.9687314497531, 161.98237639105778, 0.0, 2517.3170030303136, 0.060590625, 0.065275684, 0.06614368, 0.034195136, 8.24702e-05]","[4.783531304713247, 0.027161407187827336, 0.3333333333333333, -0.9024705213758111, 112, 121.43827879655495, 152.01041679645533, 152.89100418265707, 0.0, 3688.4518468050533, 0.05676392, 0.05678108, 0.05678108, 0.056626666, 2.3549098e-09]","[520.0098718123339, 3.4967286515678846, 0.4615384615384615, -29.210416745055227, 656, 129.00118487410626, 131.19167802070686, 159.19961611844158, 0.0, 793.4753221459282, 0.05927313, 0.055292487, 0.08526469, 0.029552856, 0.00021284483]","[0.0, 0.0, 0.4, nan, 224, 0.0, 0.0, 0.0, 0.0, 0.0, 0.012021443, 0.014768986, 0.0154252285, 0.0038908848, 1.8902543e-05]",
"[60.317547492319264, 0.15944077018250832, 0.42857142857142855, -14.208448757867615, 320, 80.97464247393833, 0.0, 269.2917795270241, 0.0, 14757.3238361584, 0.04933389, 0.06587414, 0.08501215, 0.0033743582, 0.0012384654]","[72.12334825038931, 0.8479412441767501, 0.4, -8.926854422666992, 208, 296.33143821373267, 331.5370699244067, 351.2512899969259, 0.0, 11206.071411837676, 0.10107782, 0.11644464, 0.117808454, 0.0315224, 0.0006843034]","[21.307457260483137, 0.22082420567959377, 0.3333333333333333, -2.623200651754914, 128, 303.43126627980854, 362.6272330218439, 389.7377084050387, 0.0, 18700.777271765608, 0.102788456, 0.1037644, 0.10376441, 0.09880959, 2.8077627e-06]","[32.06507289002235, 0.3887239832082258, 0.5, -4.9282179007672795, 160, 282.6344869485319, 339.28638158974695, 355.3326333920185, 0.0, 13878.526160893443, 0.11769978, 0.11956103, 0.12421235, 0.10001903, 5.264219e-05]","[258.44899020984053, 4.588554028394524, 0.5, -22.997818685779023, 400, 206.92833694960117, 220.01468067203, 237.15608026942812, 0.0, 3012.3363546320747, 0.15491866, 0.16349936, 0.20112914, 0.07882346, 0.0013326036]","[186.71243474827756, 1.6332197192643065, 0.4545454545454546, -38.87050301231389, 544, 82.57398955701257, 125.27145178917414, 205.2672581380976, 0.0, 6151.8759892788485, 0.051166955, 0.03641901, 0.1212558, 0.0031601381, 0.0020020646]","[1790.4477648657798, 24.15933308173514, 0.47368421052631576, -77.45855788477328, 944, 175.58324815392854, 171.61434972294217, 286.9574553484241, 0.0, 5750.834497239205, 0.08977672, 0.10555884, 0.16402723, 0.0030024112, 0.0024255163]","[930.4072184890232, 9.18669791774541, 0.5, -48.33016996470964, 816, 131.57655462974768, 159.6607331155411, 181.81906999392658, 0.0, 4013.4351653203594, 0.057828154, 0.05931759, 0.11151442, 0.0038363629, 0.0013811705]","[3513.8017062128442, 42.49305321830668, 0.5, -94.52596909570647, 1184, 222.4663174207547, 204.08500572708806, 333.4576446322876, 0.0, 5936.0762651682335, 0.101810955, 0.10700208, 0.16190866, 0.019183857, 0.0012091172]","[707.8933754471917, 5.451054790935483, 0.4666666666666667, -35.50006382534801, 767, 132.5920022137213, 131.19605521600957, 202.9095625889066, 0.0, 1972.6096195020764, 0.048649557, 0.051409826, 0.0891851, 0.004250724, 0.0008038829]"
"[407.3683639764374, 1.8820971639218866, 0.4545454545454546, 44.399619339410464, 512, 174.43225578635315, 238.52991146631203, 280.40333801023763, 0.0, 12394.312341168059, 0.029438552, 0.035068877, 0.053671036, 0.0026451545, 0.00033724002]","[2008.3941917953316, 9.49972664233874, 0.5, 99.71838212472898, 1216, 95.55152100546216, 0.0, 254.17759331190004, 0.0, 10869.888489257479, 0.03797238, 0.041940294, 0.077469565, 0.0014497652, 0.0006571415]","[561.4576223617084, 4.972577961355202, 0.4615384615384615, 70.76073845832912, 624, 122.60546437425371, 212.505992363466, 237.15608026942812, 0.0, 11839.80173693485, 0.058582906, 0.063109264, 0.10635703, 0.0019864363, 0.0011544076]","[419.23427827262606, 1.420255591912465, 0.4545454545454546, -56.384794291923, 544, 128.95836877825803, 208.26075606397154, 246.94165062806206, 0.0, 11614.858525738608, 0.023142608, 0.022480544, 0.03937171, 0.0025496692, 0.00015577073]","[23.79253371772313, 0.03281534936945574, 0.4, 3.0909716261155182, 224, 97.52059751832161, 0.0, 226.44649206156825, 0.0, 11898.720742164136, 0.011120597, 0.01360869, 0.013944368, 0.0033833114, 1.6239419e-05]","[1249.326796629921, 15.97493112755129, 0.5, -69.74880788329233, 816, 166.02204860809024, 208.8552666091142, 252.7136380993477, 0.0, 7853.130913374104, 0.081924975, 0.07543534, 0.16658331, 0.0015505044, 0.00287728]","[2376.425072724178, 10.952467732645577, 0.48, -55.74776009892122, 1232, 125.8544361684493, 199.42369775418427, 252.7136380993477, 0.0, 12052.5950188314, 0.043700222, 0.03734396, 0.09722545, 0.003420858, 0.0006813323]","[850.6489328601524, 3.97158573174534, 0.4666666666666667, -55.565644935766855, 751, 135.24243857763142, 228.4179784013802, 254.17759331190004, 0.0, 14044.651223562929, 0.038943294, 0.042792205, 0.057263628, 0.0020154424, 0.00023779372]",,
"[261.8414879518847, 4.961024891101327, 0.4444444444444444, 23.964432372694176, 432, 173.93262788925628, 177.66631669600923, 246.94165062806206, 0.0, 4692.653686436701, 0.19432758, 0.19864252, 0.23586756, 0.12592323, 0.00083418295]","[148.2485536188452, 2.3207675150640235, 0.42857142857142855, -13.42379500827947, 320, 211.163981884692, 233.08188075904494, 248.37216905734886, 0.0, 4029.9540224358966, 0.12267521, 0.13662495, 0.16421078, 0.053842783, 0.0012969282]","[172.53139273334867, 3.2801942461651588, 0.5, -53.36741515389442, 687, 65.63931949904662, 0.0, 208.8552666091142, 0.0, 8711.132351310003, 0.08721531, 0.04037514, 0.22528043, 0.002401685, 0.007192198]","[934.8303189448407, 21.121865081430265, 0.5, -58.49392704766072, 703, 172.17387521736774, 208.26075606397154, 226.44649206156825, 0.0, 5430.805868768817, 0.17117843, 0.16708118, 0.26375496, 0.029867686, 0.003704517]","[2941.539214925888, 30.850304369705064, 0.5, -51.96159005697727, 1312, 145.97129107975803, 177.6692806041573, 235.7901617579845, 0.0, 6664.385521430391, 0.095036976, 0.0990754, 0.14581883, 0.01042136, 0.0009691113]","[221.9555116790383, 2.107141799160133, 0.4444444444444444, -32.653259899812525, 447, 118.82478225763228, 174.11126406550153, 186.06888929891866, 0.0, 7073.335879918029, 0.09119659, 0.106861085, 0.12255143, 0.0018612994, 0.0013262375]","[284.8602104529005, 2.451126381398093, 0.4444444444444444, 24.60320320262096, 416, 193.0698972338003, 204.08500572708806, 239.91170118635668, 0.0, 2798.267897481139, 0.095885016, 0.092922375, 0.118205465, 0.06351675, 0.00028764832]","[1161.9440688484412, 16.597918042796245, 0.47058823529411764, 54.610347190622235, 832, 167.1099908260678, 169.64319079487348, 223.84553226259095, 0.0, 2015.4117513050921, 0.10065714, 0.10333651, 0.18477927, 0.0039954274, 0.0029104506]","[425.3379569805183, 3.7218791009308063, 0.4545454545454546, 32.818956326742196, 528, 164.43664389755236, 164.81377845643493, 225.14225623929048, 0.0, 3463.6975920583036, 0.08621514, 0.08892493, 0.110795766, 0.020559013, 0.00035132354]",
"[2151.896143017029, 1.3405824437535303, 0.47826086956521735, 35.11757183723407, 1168, 144.63186818735005, 167.2117474371388, 187.14677540918822, 0.0, 3860.274648326758, 0.013722436, 0.008358695, 0.032460686, 0.0017545664, 9.962573e-05]","[798.2219115440004, 1.1637929768468263, 0.4666666666666667, -81.12672965554849, 736, 123.62296650948616, 174.61411571650194, 213.73702705379327, 0.0, 8203.115631727494, 0.0094115455, 0.008560792, 0.018989854, 0.00024889802, 3.641047e-05]","[180.4730373684477, 0.46449717455044437, 0.5, -34.89626377476197, 480, 103.1950811683579, 174.61411571650194, 235.7901617579845, 0.0, 9795.002579542503, 0.014891567, 0.016941443, 0.027784005, 0.0004560528, 0.000107733904]","[1052.7068525316838, 1.942785093212607, 0.4666666666666667, 106.7301570278627, 720, 162.80679846052763, 244.10528385492586, 260.1187129259726, 0.0, 13989.768266609066, 0.023392623, 0.02412094, 0.037652593, 0.006310416, 7.749962e-05]","[896.5730157302582, 1.9435836876054844, 0.4666666666666667, -39.61633457352731, 752, 165.32198394601454, 181.81906999392658, 248.37216905734886, 0.0, 4553.69048915669, 0.0141088925, 0.012902566, 0.025717985, 0.004821866, 4.855719e-05]","[62.88829462393328, 0.08030898732805217, 0.5, 6.17675554714954, 256, 146.92449977084513, 159.19961611844158, 248.37216905734886, 0.0, 9550.205680237133, 0.010915003, 0.011699711, 0.013158295, 0.005775008, 5.0620297e-06]","[10.320704992434528, 0.006064677351990044, 0.3333333333333333, 2.0962396287881973, 128, 145.84248107222024, 216.25299618173298, 221.27444703492773, 0.0, 10643.897149967002, 0.005844371, 0.005878763, 0.005878763, 0.005685485, 3.351431e-09]","[267.91709928801095, 0.362148176049205, 0.4545454545454546, -36.059832315424714, 512, 95.22383205064752, 127.82501456536237, 183.93170582347207, 0.0, 4822.98809004469, 0.009816854, 0.009838432, 0.017206779, 0.00050139375, 3.3760993e-05]","[109.89624667056279, 0.022559571984251837, 0.5, -22.617159581205115, 496, 58.37952799992653, 56.93957081127576, 119.95585059317834, 0.0, 3410.0365372557826, 0.0014386006, 0.0014000087, 0.0025294747, 0.0005110097, 5.2602786e-07]",
"[33.218333363169464, 0.015414129776903502, 0.42857142857142855, 8.791401262625833, 320, 45.05657126122409, 0.0, 195.99771799087463, 0.0, 6767.047396492688, 0.02275621, 0.01961954, 0.046719015, 0.0004411839, 0.00043383642]","[142.31978561893774, 0.3646704669680186, 0.42857142857142855, 13.03293356604948, 336, 165.51697579538126, 174.62576777361397, 195.99771799087463, 0.0, 2346.7220225951837, 0.018454576, 0.018777788, 0.02992518, 0.005469666, 9.007775e-05]","[2256.5361932864084, 8.089194856243836, 0.5, -75.17520304285318, 976, 200.4738956910673, 205.2672581380976, 323.9647527821155, 0.0, 7937.301484054239, 0.03638677, 0.035239335, 0.06702423, 0.006404487, 0.00028064998]","[872.3013414006676, 2.825846890377064, 0.4666666666666667, 36.24268910391196, 736, 164.5979525091303, 172.60850153728515, 217.47308447763714, 0.0, 2407.88052770626, 0.03982144, 0.039162405, 0.070731744, 0.008584917, 0.00029533618]","[0.0, 0.0, 0.3333333333333333, nan, 128, 0.0, 0.0, 0.0, 0.0, 0.0, 0.040851142, 0.041710723, 0.041710723, 0.035489295, 3.657322e-06]","[1887.9410342410101, 6.667008765557896, 0.5, -70.59214498201865, 992, 160.8659061920188, 156.46466200170096, 261.6255653005986, 0.0, 7179.67293261979, 0.038819645, 0.03966979, 0.07710703, 0.0043944498, 0.000619256]","[1613.569902030283, 4.027628724096587, 0.4761904761904763, -52.01074332197702, 1040, 128.06678238987266, 168.66611791365605, 195.99771799087463, 0.0, 6083.831219300177, 0.017823922, 0.020059986, 0.02971892, 0.0020253635, 6.5634864e-05]","[87.18493226727676, 0.24916324268298537, 0.42857142857142855, -8.836045406423366, 352, 97.01482652919799, 144.75685461709134, 162.92073075152206, 0.0, 5260.814800560988, 0.01916345, 0.024303056, 0.0291169, 0.0017018944, 0.00011309475]","[348.2584191925182, 0.9674425430439932, 0.4545454545454546, -27.939539308374904, 528, 135.17238908457713, 163.86452094349724, 177.66631669600923, 0.0, 4394.765502776422, 0.01804043, 0.01840201, 0.03373824, 0.0011655104, 0.00013514038]","[294.5350242631144, 0.3708527231689192, 0.4444444444444444, -44.36368130401327, 448, 158.93317792682734, 183.53053871564714, 267.74077300753, 0.0, 10834.019691984673, 0.017051335, 0.020617876, 0.029141597, 0.00060622115, 9.164744e-05]"
"[307.4072482763971, 0.15081802280893394, 0.5, -16.89119362055112, 576, 103.8145797733459, 112.57112811964524, 214.97519305553408, 0.0, 5946.875465422015, 0.005254253, 0.0057197604, 0.0068557044, 0.0024735983, 2.3453472e-06]","[0.0, 0.0, 0.5, nan, 704, 0.0, 0.0, 0.0, 0.0, 0.0, 0.0017621071, 0.0013720042, 0.0032690123, 0.00067481946, 7.65344e-07]","[0.0, 0.0, 0.42857142857142855, nan, 320, 0.0, 0.0, 0.0, 0.0, 0.0, 0.0059334184, 0.0042951466, 0.010067612, 0.0020541826, 1.1868334e-05]","[54.442902443211004, 0.030962543801994126, 0.4, -6.821373244204636, 208, 223.61500249088903, 248.37216905734886, 261.6255653005986, 0.0, 6307.309875376186, 0.0043017007, 0.005397338, 0.005728299, 0.0019236621, 2.1875717e-06]","[37.982392113559655, 0.04973939462263633, 0.5, -8.51729294029547, 256, 82.77868102588218, 0.0, 187.14677540918822, 0.0, 8236.508172247373, 0.013005636, 0.014943833, 0.016722454, 0.0034779073, 1.814018e-05]","[0.7956053077514944, 0.001060914536467532, 0.5, 0.20124145809621297, 64, 110.84354628571776, 163.86452094349724, 168.66611791365605, 0.0, 6146.988432174335, 0.013334684, 0.013334684, 0.013334684, 0.013334683, 1.445603e-19]","[266.460528393784, 0.5517863446885549, 0.5, -20.418154729452567, 511, 121.99751000822614, 127.45690561065621, 141.8307339283537, 0.0, 833.8972819130571, 0.013777229, 0.01453021, 0.02249038, 0.0010823585, 4.695896e-05]","[269.94184622555383, 0.12351495443957235, 0.5, -29.937819849369873, 800, 32.24058497787397, 0.0, 134.6458897635121, 0.0, 2678.1088233935343, 0.0036413167, 0.0039263926, 0.0051782876, 0.0006102435, 1.635768e-06]","[971.8423403879345, 1.3388342658353083, 0.47368421052631576, -24.137019435556013, 928, 105.23866502025953, 122.75968568932456, 184.9972113558172, 0.0, 3921.4276842619292, 0.007545652, 0.0045243273, 0.018955663, 0.0014734829, 3.296564e-05]",
"[124.02476104277085, 0.4068634886474046, 0.42857142857142855, 19.643009929955724, 336, 135.8527173048374, 184.470613225166, 200.5789474828077, 0.0, 7411.099365986859, 0.028877167, 0.034456063, 0.04117438, 0.0025750096, 0.00016784227]","[237.15514501687466, 1.1272418095398433, 0.5, 21.453325867856336, 400, 187.9312003294192, 218.1466519601081, 246.94165062806206, 0.0, 5515.1852928413, 0.03344567, 0.036761113, 0.05069266, 0.009730909, 0.00020390401]","[353.4471594399809, 0.7349092165388715, 0.4444444444444444, 30.053873112912385, 448, 203.83020545419205, 221.9597882696027, 258.62053938239393, 0.0, 3742.3645096171363, 0.021965867, 0.02373232, 0.028710622, 0.008900153, 3.854555e-05]","[378.91322014804166, 0.935594123858849, 0.4545454545454546, -34.28087328531272, 560, 144.63145585111246, 163.40898075811106, 223.84553226259095, 0.0, 5302.20041222006, 0.016151994, 0.017493853, 0.026492022, 0.0009885835, 7.339994e-05]",,,,,,
"[15.223865231239667, 0.04876825042147226, 0.5, 2.7502015292446202, 160, 133.02119833877614, 178.6955271983718, 210.06515286029162, 0.0, 7183.475755601685, 0.030635579, 0.03496328, 0.034964092, 0.0136554735, 4.956644e-05]","[2398.666087517314, 18.96600234044269, 0.5, -65.61832293764732, 992, 225.14337797618273, 241.30149553281768, 282.02769802256034, 0.0, 3636.1793174283553, 0.08550797, 0.09105427, 0.1319577, 0.010384641, 0.0012179344]","[912.0806067411603, 19.545176715850268, 0.5, -48.36480985079581, 672, 200.40237513438976, 206.4563592676515, 223.84553226259095, 0.0, 1634.2234969910785, 0.16037227, 0.16557802, 0.25192383, 0.036476716, 0.0031246636]","[11.244236023765211, 0.07304842236530534, 0.3333333333333333, -1.421486154180002, 128, 160.14105618963944, 189.93303277916826, 206.4563592676515, 0.0, 5262.482530889223, 0.061513852, 0.06497473, 0.06497473, 0.0414352, 5.6206612e-05]","[2.2925805733264033, 0.0032809802773943854, 0.5, -0.49989444339416167, 96, 120.3825967819283, 156.9178572847897, 167.6946725581338, 0.0, 4850.115853541715, 0.014311297, 0.014311297, 0.014311299, 0.014311297, 7.589415e-19]","[680.3459505603042, 5.237556883337665, 0.4615384615384615, -39.75420238663379, 624, 182.94120108113864, 208.8552666091142, 231.73942791006385, 0.0, 4763.962283230768, 0.08136428, 0.083391726, 0.12100483, 0.03569289, 0.0006352649]","[2147.985928093431, 20.315402692583547, 0.5, 41.58158364100184, 1103, 164.76060477148656, 186.06888929891866, 198.27510177438265, 0.0, 3509.605476934934, 0.055169877, 0.047937546, 0.13655569, 0.0006688977, 0.0015902579]","[165.12570558491754, 0.5889729223519959, 0.5, -17.818790771399634, 384, 137.22414523680277, 180.3415025077103, 226.44649206156825, 0.0, 6626.062087682543, 0.024152465, 0.02901491, 0.038339134, 0.001266559, 0.00017879372]","[1977.8105495251743, 16.840896748287573, 0.4761904761904763, 51.50621666892869, 1024, 177.13382500353293, 177.66631669600923, 225.14225623929048, 0.0, 2132.2501727435065, 0.07236593, 0.064920105, 0.13456237, 0.032738533, 0.00075536803]","[336.9411976998185, 2.068765516603317, 0.4545454545454546, 34.132651584962275, 544, 104.46849501195229, 113.55119382666781, 210.06515286029162, 0.0, 7149.147567493229, 0.04257333, 0.043998353, 0.086490594, 0.0030751918, 0.0010088304]"
"[1116.088161837997, 1.9678391532066473, 0.5, -47.3287094405116, 896, 114.71293736177267, 127.09091680751811, 158.28269380119016, 0.0, 2202.131758519116, 0.040965747, 0.033693932, 0.08054296, 0.011286773, 0.00069094414]","[1397.456190764273, 5.977196558644035, 0.47826086956521735, 66.83758338964046, 1152, 85.48025433456806, 106.25476874125354, 176.64303400994282, 0.0, 4795.666946966782, 0.033227824, 0.03885504, 0.05726134, 0.0025309273, 0.0003307944]","[303.9170694231125, 1.0535204250256047, 0.4545454545454546, -41.59122222245434, 544, 93.28089716098806, 154.66751207845843, 172.60850153728515, 0.0, 6037.356213392672, 0.041084602, 0.05019017, 0.07226021, 0.0017994321, 0.00067673746]","[659.4220176501365, 5.369584146736471, 0.4615384615384615, 38.11500768411004, 656, 157.43047806943468, 166.24867863917356, 190.41804342135148, 0.0, 1145.9342447495599, 0.05440907, 0.052311897, 0.107602656, 0.0056040008, 0.001155474]","[230.02793381134765, 1.0193420906376158, 0.4545454545454546, 19.55864939490187, 544, 74.2230928614366, 113.2402459717402, 122.05264192746294, 0.0, 3168.381810476096, 0.035326563, 0.037473995, 0.056529254, 0.0064005414, 0.00028126957]","[1756.261746762452, 4.810417176230892, 0.47826086956521735, 51.34684359860715, 1136, 109.48765951203796, 128.565497341737, 154.66751207845843, 0.0, 1960.5762293800271, 0.044108517, 0.027573379, 0.09712233, 0.0061389133, 0.00093777344]","[1056.6416143492368, 4.965458830801907, 0.5, -49.25227192214658, 1104, 75.13951467510601, 98.56820494131432, 130.0593564629863, 0.0, 2743.3900246202934, 0.03186701, 0.037734993, 0.05560119, 0.0024758466, 0.00034670765]","[0.0, 0.0, 0.47058823529411764, nan, 864, 0.0, 0.0, 0.0, 0.0, 0.0, 0.017548684, 0.007952244, 0.05019689, 0.0021214213, 0.00031556914]","[0.0, 0.0, 0.5, nan, 95, 0.0, 0.0, 0.0, 0.0, 0.0, 0.0038832745, 0.0038832745, 0.0038832745, 0.0038832745, 0.0]",
"[404.8464008429483, 2.397705076730908, 0.5, 50.85761411495563, 704, 99.6542779338018, 149.39896882100533, 182.87233715141332, 0.0, 5599.3916243908825, 0.03615329, 0.0358512, 0.06727071, 0.0064869197, 0.0004970617]","[521.5595581948777, 4.8727876430014305, 0.47058823529411764, 63.394378586130166, 848, 84.72288468042478, 136.60492905049446, 143.47872767421205, 0.0, 4453.030114741819, 0.045076396, 0.036236495, 0.109403536, 0.0021920463, 0.001607291]","[225.96932432199364, 1.1557925777370937, 0.4444444444444444, -19.69625607882213, 416, 155.78867390186758, 162.92073075152206, 198.27510177438265, 0.0, 1597.0012629512478, 0.04493887, 0.049017422, 0.06080866, 0.007071128, 0.00022757385]","[53.556467236076, 0.3397261428399109, 0.4, 6.547375690496921, 240, 161.13890770434494, 179.73069985652094, 179.73069985652094, 0.0, 2886.1444057263398, 0.05840757, 0.059879865, 0.06698739, 0.044718675, 5.245643e-05]","[86.9659639144499, 0.44581623740150916, 0.5, -8.230901695631132, 288, 154.86162818743432, 174.62576777361397, 177.66631669600923, 0.0, 2288.0632076741804, 0.045353223, 0.047692552, 0.0538721, 0.030020118, 4.5358458e-05]","[235.07129647080237, 1.3623429849906203, 0.4444444444444444, -20.187824315566374, 415, 159.69088124410143, 167.6946725581338, 190.41804342135148, 0.0, 1835.3416886238226, 0.05382378, 0.055267915, 0.065865986, 0.031068515, 6.970132e-05]","[2.4896609040143005, 0.008693008520348449, 0.5, -0.5161304490465959, 96, 130.7468225276227, 172.1458814560595, 178.6955271983718, 0.0, 5711.447887403709, 0.034916434, 0.034916434, 0.034916434, 0.034916434, 0.0]","[488.2535659763158, 3.55127698176634, 0.5, -30.43581152632298, 592, 143.70327687867967, 149.8316985319944, 161.0494265540188, 0.0, 916.4492472087232, 0.06226095, 0.06330771, 0.08021359, 0.03282962, 0.00016283825]","[205.61689174082602, 1.509189263427737, 0.4666666666666667, -52.969157598682656, 736, 60.538072423143376, 0.0, 152.89100418265707, 0.0, 5226.680139277894, 0.03262774, 0.0067215664, 0.0859655, 0.0017803959, 0.0011224004]",
"[98.85379094965886, 0.34605669923877636, 0.5, -14.487739483926596, 368, 89.4074216127986, 119.26495573315601, 129.31026969119696, 0.0, 2917.3810711900805, 0.027809903, 0.029752707, 0.03667348, 0.015646206, 5.323769e-05]","[392.73090130378887, 1.4216594606918602, 0.4545454545454546, 27.571891343487167, 544, 138.47803139505103, 145.5808514900205, 158.28269380119016, 0.0, 1062.8429731564502, 0.034363374, 0.035877544, 0.042987168, 0.017663961, 5.2405885e-05]","[2448.1646963535095, 5.6069264598487205, 0.48148148148148145, 33.521683571345164, 1344, 121.43407822470758, 145.14587018501837, 160.1218501126406, 0.0, 2740.754125861999, 0.017347153, 0.017059933, 0.034671288, 0.00044539705, 0.00012786634]","[589.2221623661469, 2.703677578599376, 0.4666666666666667, -43.17217988062335, 720, 98.28697889229028, 124.18608452867443, 172.60850153728515, 0.0, 4715.382648265794, 0.031465575, 0.028709589, 0.07170149, 0.00078454654, 0.000655831]","[272.26297669855603, 1.6064340015948964, 0.4545454545454546, -23.47484983390045, 512, 101.70470779602108, 124.9054871977965, 128.565497341737, 0.0, 2435.1039351451523, 0.037572954, 0.0438404, 0.06664086, 0.0021149379, 0.00050290197]","[369.89975385600235, 0.7751192736184574, 0.5, 25.683311909950305, 608, 102.31252311337437, 116.54094037952247, 126.35681904967385, 0.0, 1509.0108483627027, 0.019070879, 0.021911591, 0.026512196, 0.002299403, 4.9619015e-05]","[859.0677458858681, 2.0830674572149506, 0.48148148148148145, -59.563442604480336, 1344, 52.61145658471306, 83.36441115807189, 119.95585059317834, 0.0, 2740.544922477029, 0.014885216, 0.0087326765, 0.054456193, 0.0004658565, 0.00028990099]",,,
"[141.6242074542684, 0.7489095992977727, 0.5, 13.203835598680826, 384, 114.66384004173938, 139.39649224677743, 156.46466200170096, 0.0, 3156.2926165012777, 0.07427148, 0.05681066, 0.11826403, 0.04053223, 0.00092721614]","[2.5059979088001385, 0.015358745652370553, 0.5, -0.6372293236672739, 96, 131.19167802070686, 130.8127826502993, 263.1411467822288, 0.0, 17211.54350529225, 0.06128794, 0.06128794, 0.061287943, 0.06128794, 6.938894e-18]","[17.2803666259668, 0.1321926003294666, 0.5, -3.0786194885562495, 192, 100.1209288883842, 133.09934981412218, 136.99945845947047, 0.0, 3343.4764840799967, 0.06985134, 0.071708545, 0.08025003, 0.054650642, 5.8578087e-05]","[523.713435349328, 3.1633841277426376, 0.5, -38.34481679989472, 799, 88.00098502632683, 114.89359164938925, 141.01384901128017, 0.0, 3117.5192738519327, 0.049474042, 0.054407973, 0.06963742, 0.003576918, 0.00029222734]","[97.83588421309372, 0.39033160866237615, 0.4444444444444444, -9.749092152844433, 416, 61.93731735318156, 0.0, 136.21039964151845, 0.0, 4321.384686611285, 0.040502384, 0.043173928, 0.057312243, 0.004095037, 0.00018262073]","[1.8937787442571685, 0.01556644716844937, 0.5, -0.3962594923849849, 96, 99.45114901015515, 131.57935313855424, 134.6458897635121, 0.0, 3299.566149238931, 0.082197815, 0.082197815, 0.082197815, 0.082197815, 0.0]","[210.19412501732114, 1.81438360104993, 0.5, -16.720343813872056, 496, 95.23440384070207, 117.21605517913326, 124.9054871977965, 0.0, 2274.333641785354, 0.076392815, 0.087859884, 0.09100378, 0.029549662, 0.00031287025]","[0.0, 0.0, 0.3333333333333333, nan, 111, 0.0, 0.0, 0.0, 0.0, 0.0, 0.08367452, 0.08455269, 0.0845527, 0.07664912, 6.169522e-06]","[0.0, 0.0, 0.4, nan, 240, 0.0, 0.0, 0.0, 0.0, 0.0, 0.061595276, 0.075323716, 0.08396857, 0.024854047, 0.0005151593]",
"[47.32013721047035, 0.14399543756347397, 0.5, -4.642389841284505, 272, 108.18879630920287, 118.57804013471404, 127.82501456536237, 0.0, 1218.0755981347302, 0.029323006, 0.032102488, 0.035781536, 0.013674413, 4.6168116e-05]","[286.2573962670572, 0.7448503162339098, 0.5, 23.499112661116833, 592, 85.35476289272783, 106.86851352689663, 111.27813843321147, 0.0, 1923.0124978548538, 0.020757418, 0.0235936, 0.028743567, 0.0051891645, 5.782545e-05]","[0.0, 0.0, 0.3333333333333333, nan, 143, 0.0, 0.0, 0.0, 0.0, 0.0, 0.009222216, 0.009695727, 0.009729572, 0.0069878586, 8.083304e-07]","[136.64178994995666, 0.19516451007063335, 0.4545454545454546, -19.239857966668847, 512, 47.8136761358379, 71.73936383710603, 85.80717486147108, 0.0, 1427.363333574803, 0.010329238, 0.011250329, 0.0154332165, 0.0022446099, 1.5409512e-05]","[226.61353786639808, 0.2974478790438521, 0.5, -29.3018636879094, 608, 55.442493383651595, 86.30569053436082, 115.20235351026894, 0.0, 2244.595345305567, 0.010879639, 0.011178685, 0.020031754, 0.0014188151, 3.807102e-05]","[171.96415074049776, 0.3208330656615021, 0.4444444444444444, 14.412335540077379, 432, 117.99912848756357, 125.62905732418486, 134.6458897635121, 0.0, 906.1157629168739, 0.022049902, 0.019813353, 0.028252777, 0.015341208, 1.9260116e-05]","[0.0, 0.0, 0.4, nan, 207, 0.0, 0.0, 0.0, 0.0, 0.0, 0.022295328, 0.024130428, 0.02489862, 0.010377878, 1.5396487e-05]","[6.722361380335094, 0.020446295624485716, 0.3333333333333333, -1.3168229384521482, 128, 95.01313732663444, 138.60056373229463, 149.39896882100533, 0.0, 4527.763200316686, 0.029847015, 0.030548107, 0.030548109, 0.025535826, 2.1935664e-06]","[1418.8933001290634, 4.686055750840278, 0.47826086956521735, 53.78521031638247, 1152, 85.15203586417377, 114.5388367788287, 145.9866916572425, 0.0, 3314.067554900208, 0.029442156, 0.029185696, 0.059363216, 0.0013500339, 0.00023092031]","[1073.8463314691396, 2.9455311248487974, 0.4761904761904763, 74.06414652189561, 1072, 65.80465833748778, 118.23656050685314, 140.20166900511882, 0.0, 3949.760013959552, 0.034992717, 0.028995298, 0.088499084, 0.0010250122, 0.00091531227]"
"[33.29397274960591, 0.07330960315596205, 0.4, 5.428254797637152, 240, 97.6777922548909, 136.67330149015652, 153.77669275969214, 0.0, 4178.954525817101, 0.020787332, 0.023405723, 0.024398271, 0.0058027282, 2.9401232e-05]","[16.757751169347074, 0.03118970002142942, 0.4, -3.3084776931081876, 224, 67.03929846674788, 116.54094037952247, 122.75968568932456, 0.0, 3598.057357593674, 0.017454548, 0.01809312, 0.019860106, 0.013618124, 4.675839e-06]","[185.47675129704638, 0.5859974202957202, 0.4444444444444444, -15.811640301098706, 416, 126.1076024183774, 136.21039964151845, 143.47872767421205, 0.0, 1098.599513334199, 0.03157596, 0.033953473, 0.039220836, 0.01154656, 4.64833e-05]","[352.3042624578527, 1.2724449549213102, 0.4615384615384615, 25.856739113077907, 640, 86.15923013926098, 109.06241002261545, 132.33275396903284, 0.0, 2450.83423235073, 0.022027059, 0.021575704, 0.041961152, 0.001236973, 0.0001729158]","[47.80680554338162, 0.1024164283343051, 0.5, 7.734090802538205, 272, 105.8871923589451, 141.8307339283537, 151.1349012203898, 0.0, 4232.305037404865, 0.018388333, 0.021485457, 0.022542274, 0.0064190063, 2.8870561e-05]","[28.984444256499504, 0.04970893904513672, 0.4, -5.181951646794957, 239, 88.84661332001649, 137.08174394869326, 155.56349186104043, 0.0, 5305.803099620719, 0.014042504, 0.016359149, 0.017315062, 0.004459697, 1.6753096e-05]","[223.3979589811214, 1.6205121313088555, 0.4545454545454546, 20.211383039991276, 560, 70.07918959604338, 0.0, 159.19961611844158, 0.0, 5899.1866370229445, 0.04620629, 0.045663036, 0.092852786, 0.0020124367, 0.0010844392]","[266.8170283352089, 4.797030308004946, 0.5, 43.42314607473922, 1008, 37.562424767486974, 0.0, 174.61411571650194, 0.0, 4889.205039340838, 0.0678029, 0.022027055, 0.21974605, 0.0015841678, 0.005879488]",,
"[0.0, 0.0, 0.5, nan, 400, 0.0, 0.0, 0.0, 0.0, 0.0, 0.028789356, 0.033885617, 0.047647852, 0.0036040565, 0.00030820552]","[0.0, 0.0, 0.5, nan, 384, 0.0, 0.0, 0.0, 0.0, 0.0, 0.024939707, 0.0116749825, 0.04443555, 0.006846515, 0.00023855883]","[0.0, 0.0, 0.5, nan, 304, 0.0, 0.0, 0.0, 0.0, 0.0, 0.038875666, 0.039235458, 0.045733046, 0.030522954, 2.2790322e-05]","[0.0, 0.0, 0.47058823529411764, nan, 847, 0.0, 0.0, 0.0, 0.0, 0.0, 0.0139655955, 0.007532679, 0.034012012, 0.0031048162, 0.00011243641]",,,,,,
"[9.479897213538207, 0.016635157969574467, 0.3333333333333333, 1.770799630497578, 144, 134.8543950301707, 157.8584693162386, 173.60841241450115, 0.0, 3695.7680820403716, 0.017042736, 0.017498288, 0.017606216, 0.01470625, 7.46911e-07]","[2.6118363220001983, 0.003046876216471686, 0.5, -0.5541218524303808, 96, 137.15425286355998, 182.87233715141332, 182.87233715141332, 0.0, 6270.429692853785, 0.011665647, 0.011665647, 0.011665647, 0.011665647, 0.0]","[53.000579375573196, 0.10225737770600801, 0.4, 5.121901419033321, 240, 160.07654015738618, 180.26932692371128, 199.42369775418427, 0.0, 3120.647529139883, 0.016043639, 0.017695097, 0.019807804, 0.0070200963, 1.5323862e-05]","[23.652709687796367, 0.02848211044242277, 0.5, -4.17529904483753, 192, 138.29032750942815, 151.80028889342634, 176.64303400994282, 0.0, 2917.744944648751, 0.012070341, 0.013598651, 0.014247864, 0.005847912, 7.1416125e-06]","[2.4901739190636816, 0.002488142457398061, 0.5, -0.5139187508187888, 96, 130.77266655263122, 172.19756950607652, 178.6955271983718, 0.0, 5722.487612704064, 0.009991841, 0.009991841, 0.009991841, 0.00999184, 1.0842022e-19]","[0.0, 0.0, 0.3333333333333333, nan, 144, 0.0, 0.0, 0.0, 0.0, 0.0, 0.00096427655, 0.0010567972, 0.0010596291, 0.0005215051, 2.971592e-08]","[135.16757101862464, 0.2177780159046741, 0.5, 13.090538463352232, 383, 127.17799877148788, 171.61434972294217, 190.41804342135148, 0.0, 5905.382851284944, 0.011773476, 0.013084399, 0.017413417, 0.000782158, 2.4105271e-05]","[9911.724519226003, 7.0379409535271895, 0.5, 517.7970624844934, 1216, 421.2378276828428, 0.0, 1952.8422708394075, 0.0, 597441.3326756257, 0.008105223, 0.0028224222, 0.02995983, 0.0009034201, 9.5372845e-05]","[0.0, 0.0, 0.4, nan, 224, 0.0, 0.0, 0.0, 0.0, 0.0, 0.006117592, 0.0065498315, 0.006940693, 0.0035673059, 9.3497897e-07]","[106.22759508285439, 0.08966971010129274, 0.4444444444444444, -19.96094901783897, 416, 79.57204458906716, 135.4258854679408, 158.28269380119016, 0.0, 5648.868237310882, 0.0052815373, 0.005992934, 0.009143595, 0.00096202886, 1.0982342e-05]"
"[10.973970302603815, 0.030956178503556545, 0.3333333333333333, 1.3635377802880768, 144, 156.2363310793465, 187.70762738858434, 193.74649219115264, 0.0, 4918.811488923399, 0.027147876, 0.028047148, 0.028368194, 0.022633016, 3.1525553e-06]","[147.01081138427259, 1.1647342939918184, 0.42857142857142855, 14.215644181197987, 352, 167.9940137298143, 167.7058628785384, 230.40470702053787, 0.0, 2959.77735322495, 0.06351017, 0.069026195, 0.0832039, 0.03263263, 0.0003156621]","[1522.0935205885023, 4.22912965389912, 0.47826086956521735, 60.22551419072555, 1168, 120.41637861320422, 174.11126406550153, 238.52991146631203, 0.0, 8805.023529672293, 0.019235894, 0.016087588, 0.040429465, 0.0022085765, 0.00015652615]","[1279.83500610003, 3.912342341139597, 0.47368421052631576, 43.71235371754355, 960, 122.20914630804442, 140.20166900511882, 161.98237639105778, 0.0, 2289.6031706875424, 0.03351343, 0.031819247, 0.05540008, 0.0013654911, 0.00014245791]","[867.737081564852, 1.0068727701615725, 0.47368421052631576, 19.771952314808637, 960, 89.96015556209596, 121.70115618273752, 139.3941668115768, 0.0, 3337.873979505911, 0.017561937, 0.019996006, 0.023613432, 0.00567073, 3.476285e-05]","[33.24541231477618, 0.04567446711866633, 0.5, 3.564765474950967, 272, 76.60400923201352, 101.4547812944533, 112.57112811964524, 0.0, 2265.297239395947, 0.01046487, 0.012827944, 0.0138687715, 0.0029814097, 1.8216799e-05]","[420.5503351515682, 0.6318998009514679, 0.5, -26.377436727895187, 800, 56.983288686920744, 0.0, 141.01384901128017, 0.0, 3711.113653897102, 0.013318862, 0.016062258, 0.025170233, 0.0008705427, 5.790001e-05]","[170.83888329564297, 0.3429960672488891, 0.4615384615384615, 35.65890056428668, 656, 54.17227294788526, 49.568775443595655, 113.22324603078411, 0.0, 2944.157488184023, 0.010565409, 0.008943726, 0.022989094, 0.0006157048, 7.2941664e-05]","[208.5008797434051, 1.0812158102939011, 0.4615384615384615, 25.69928556945264, 656, 39.646705196245634, 0.0, 115.86971395503193, 0.0, 2527.3019928964527, 0.026161423, 0.020900695, 0.05884878, 0.0010150708, 0.00044616804]",
"[2122.2221680712323, 13.939875225186784, 0.5, 40.13236095093778, 1311, 104.0383112125969, 120.65074776640884, 143.47872767421205, 0.0, 2338.4915919436157, 0.062491715, 0.07529501, 0.113668635, 0.0012778249, 0.0012360661]","[32.03467208631876, 0.0787258943670498, 0.42857142857142855, 7.029696812725454, 320, 42.64019623719988, 0.0, 117.21605517913326, 0.0, 2927.592663882885, 0.027880264, 0.03848377, 0.042440847, 0.0012547178, 0.0002959442]","[8.899805628777596, 0.027928334916829847, 0.5, -1.5476205339947313, 160, 77.74760496598397, 99.71184887709214, 118.57804013471404, 0.0, 2473.7030679883655, 0.030140238, 0.031376407, 0.03138246, 0.020102914, 9.765072e-06]","[400.0421211868287, 2.4857488115410917, 0.4615384615384615, -26.259094241909608, 656, 101.98689003036483, 105.04834658036118, 156.46466200170096, 0.0, 1236.8561115465263, 0.03783619, 0.035785645, 0.0741178, 0.0005344781, 0.00054697756]","[23.221580714975687, 0.038239683069907514, 0.4, -4.727364388922673, 240, 67.65833158743618, 105.33680019287814, 129.31026969119696, 0.0, 3109.5169623033603, 0.018785799, 0.023131682, 0.026246184, 0.0031916257, 6.991711e-05]","[0.0, 0.0, 0.3333333333333333, nan, 111, 0.0, 0.0, 0.0, 0.0, 0.0, 0.030014, 0.03005566, 0.03005566, 0.02968073, 1.3883702e-08]","[63.15907035719307, 0.39382698698609286, 0.42857142857142855, -6.064621862140328, 320, 89.70343203774328, 96.87324609557632, 100.87044475251382, 0.0, 675.1056794328094, 0.052834295, 0.056270868, 0.06770381, 0.027032679, 0.00016689111]","[21.82723766250118, 0.10644120526658926, 0.4, 2.6386079553551767, 208, 89.7787359294589, 102.6336290690488, 105.64102395561046, 0.0, 1030.1629550377033, 0.04445894, 0.047109377, 0.049304646, 0.02972491, 3.3408964e-05]","[231.5700514839958, 1.1481780109998934, 0.47058823529411764, -23.55602759419744, 848, 28.0860425203043, 0.0, 105.64102395561046, 0.0, 1906.0254364121372, 0.029384186, 0.009089965, 0.08304447, 0.00082924875, 0.0008405072]",
"[81.06341749085503, 0.4769751895413703, 0.42857142857142855, -13.857593925387391, 336, 87.15554088553063, 142.65235101161107, 167.6946725581338, 0.0, 5729.221028748331, 0.050913695, 0.060014337, 0.07179165, 0.013746124, 0.0004893473]","[0.0, 0.0, 0.4545454545454546, nan, 544, 0.0, 0.0, 0.0, 0.0, 0.0, 0.03254203, 0.030284053, 0.06959806, 0.0029077227, 0.0007543649]","[777.9662579347695, 4.284062144966079, 0.5, -60.54681082722108, 768, 107.88463094372678, 135.4258854679408, 183.93170582347207, 0.0, 4283.31037000673, 0.03958335, 0.035630003, 0.0868425, 0.0022183207, 0.00081394287]","[0.0, 0.0, 0.5, nan, 1311, 0.0, 0.0, 0.0, 0.0, 0.0, 0.01884599, 0.017792603, 0.036545802, 0.0023902552, 0.000101317935]","[152.05893801766803, 0.19020093098784302, 0.4545454545454546, 14.550784281028946, 512, 56.95993334572183, 0.0, 127.08879665595003, 0.0, 3577.5049981373236, 0.01201593, 0.011619478, 0.019355621, 0.004284692, 2.7829852e-05]","[0.0, 0.0, 0.5, nan, 783, 0.0, 0.0, 0.0, 0.0, 0.0, 0.007215473, 0.006772412, 0.011564636, 0.0019224182, 8.917838e-06]",,,,
"[192.54006553390766, 0.756383256934113, 0.5, -32.17570985934833, 704, 32.57378049129824, 0.0, 133.09934981412218, 0.0, 3184.5192125184376, 0.038981404, 0.042676415, 0.063577965, 0.0053678397, 0.0002252077]","[19.911556312242173, 0.129718297008516, 0.5, 2.4816143642103228, 192, 116.65802412739761, 133.09934981412218, 134.6458897635121, 0.0, 1945.1502867493268, 0.061116934, 0.061331443, 0.0703426, 0.05033396, 4.2187665e-05]","[186.2428172147111, 1.5555342416677553, 0.5, -32.502553302136036, 463, 98.34403463758878, 0.0, 286.9574553484241, 0.0, 13758.421284637769, 0.047827493, 0.05224791, 0.095182635, 0.002688823, 0.0014035593]","[1848.881720044681, 9.747057291882992, 0.5, -118.67710178051868, 1088, 105.40379738900013, 157.37105256787842, 245.5193713786491, 0.0, 10949.301804888128, 0.13566495, 0.11420001, 0.3126301, 0.007455416, 0.00831676]","[2403.515265042647, 34.06063813462345, 0.48387096774193544, -46.64232110277574, 1536, 90.75137814059491, 118.57804013471404, 128.565497341737, 0.0, 2695.8883221313927, 0.08189636, 0.07655427, 0.21330687, 0.0009993081, 0.0038051899]","[58.479325834581154, 0.23793873816913236, 0.42857142857142855, -8.890376894912905, 320, 80.06014629203824, 103.22817963382573, 106.252996181733, 0.0, 1924.7771973126742, 0.030868169, 0.037071552, 0.042877663, 0.0041117966, 0.00017587093]","[0.0, 0.0, 0.5, nan, 256, 0.0, 0.0, 0.0, 0.0, 0.0, 0.010386082, 0.0130615365, 0.013589869, 0.002226931, 1.7921531e-05]","[0.0, 0.0, 0.5, nan, 816, 0.0, 0.0, 0.0, 0.0, 0.0, 0.059392773, 0.06997715, 0.10690454, 0.000800349, 0.0015385546]",,
"[268.94083102496234, 3.6409999827596637, 0.4444444444444444, 25.251925565724775, 432, 175.8412964815477, 212.505992363466, 222.5562768664229, 0.0, 6673.542423927038, 0.18145813, 0.19668728, 0.29211617, 0.011812932, 0.008204095]","[7.293836633427254, 0.05270924809953566, 0.3333333333333333, -1.3403414709345043, 112, 185.20328461117342, 227.75828324510303, 239.91170118635668, 0.0, 8611.694710710424, 0.07202433, 0.07226546, 0.07226546, 0.07009531, 4.651421e-07]","[372.9834080425369, 5.480331565078858, 0.4444444444444444, 36.213096483026646, 448, 204.39801398647936, 270.0988082735927, 300.528856485967, 0.0, 16262.540732996884, 0.11369351, 0.11920693, 0.16461472, 0.05862705, 0.0011939155]","[345.3895477233899, 4.877561404146145, 0.5, -31.457309468867095, 383, 331.41407929038627, 359.46139971304194, 369.9944227116344, 0.0, 7970.835695164497, 0.124848224, 0.13405578, 0.15349281, 0.07075923, 0.0005048485]","[351.2411121394863, 1.8569188043364628, 0.4545454545454546, 38.77401358822611, 512, 146.45304089543902, 225.14225623929048, 255.6500291307247, 0.0, 13277.190412651113, 0.03338497, 0.034491885, 0.060589004, 0.0062568383, 0.0003912951]",,,,,
"[54.22283050112571, 0.5549290514812832, 0.5, -9.538837527933808, 256, 118.95329963847917, 182.87233715141332, 191.5211239251473, 0.0, 8106.10396545718, 0.091723, 0.10109404, 0.10897161, 0.04138975, 0.00042071025]","[2125.2419769142775, 39.51773021923237, 0.4761904761904763, 86.68900543659825, 1024, 162.42973136050048, 190.41804342135148, 258.62053938239393, 0.0, 7964.405495502234, 0.117167406, 0.12890649, 0.23513678, 0.0068656313, 0.004803435]","[161.6495352679329, 1.1311501862031363, 0.5, 21.840028178176127, 368, 148.20839809281327, 176.64303400994282, 202.9095625889066, 0.0, 5671.755196613608, 0.09279609, 0.105447434, 0.14084862, 0.019345252, 0.0019083475]","[641.6484014777691, 10.420945463475213, 0.4615384615384615, 39.31665666824571, 624, 166.64921485008537, 180.77186920887382, 183.93170582347207, 0.0, 1386.6166689588708, 0.11834959, 0.12744021, 0.19206099, 0.021391612, 0.0032114037]","[52.24747429248196, 0.1630845932735432, 0.5, -8.416126683099769, 272, 117.2747004286709, 135.4258854679408, 160.1218501126406, 0.0, 3174.0773863985155, 0.05359008, 0.066858776, 0.086192004, 0.008834785, 0.0010569992]","[2859.725512132904, 26.621553267569748, 0.5, 58.5834656665474, 1216, 173.5818736606731, 166.7288223161438, 239.91170118635668, 0.0, 1171.316492333138, 0.07974353, 0.07317038, 0.116029486, 0.042096645, 0.00047684225]","[1591.8675898082017, 10.229932825471664, 0.5, 27.725182876583432, 1120, 121.34943798738163, 138.19220186854503, 154.66751207845843, 0.0, 1946.7745674000812, 0.0422377, 0.034600254, 0.100480735, 0.004802093, 0.0008305544]","[41.358604917248286, 0.30693127546713206, 0.4, -7.741378407511554, 240, 120.47358210488889, 197.71070787252944, 204.08500572708806, 0.0, 9680.035765598628, 0.07596244, 0.08186453, 0.09357274, 0.03579995, 0.0002914641]","[19.211797835880677, 0.3149810086104951, 0.5, -3.1998368751787396, 159, 169.20873863902082, 195.99771799087463, 205.2672581380976, 0.0, 4801.477166514617, 0.16174163, 0.1629977, 0.16530415, 0.1461554, 2.5785374e-05]",
